[
  {
    "id": "97875894-ea1a-48d2-b4c4-a4c4d00aa81e",
    "data": [
      {
        "text": "bilidades",
        "userDefined": false
      }
    ],
    "isTemplate": false,
    "count": 0,
    "lang": "pt-br",
    "updated": 0
  },
  {
    "id": "711744ce-60a5-4684-8ab8-3808495be109",
    "data": [
      {
        "text": "abilidades",
        "userDefined": false
      }
    ],
    "isTemplate": false,
    "count": 1,
    "lang": "pt-br",
    "updated": 0
  },
  {
    "id": "9fece3e1-e81d-4f63-8aa1-0762c698a7bb",
    "data": [
      {
        "text": "habilidades",
        "userDefined": false
      }
    ],
    "isTemplate": false,
    "count": 2,
    "lang": "pt-br",
    "updated": 0
  },
  {
    "id": "591e0c98-024d-4ed7-8359-3c94a7f5ce7d",
    "data": [
      {
        "text": "Em que você pode me ajudar?",
        "userDefined": false
      }
    ],
    "isTemplate": false,
    "count": 0,
    "lang": "pt-br",
    "updated": 0
  },
  {
    "id": "fec99173-1dbf-4605-963d-463daba00023",
    "data": [
      {
        "text": "O que você pode fazer?",
        "userDefined": false
      }
    ],
    "isTemplate": false,
    "count": 0,
    "lang": "pt-br",
    "updated": 0
  },
  {
    "id": "a54c969b-2de7-4b50-8bfa-8187f0b12e82",
    "data": [
      {
        "text": "Há",
        "userDefined": false
      },
      {
        "text": " algo que eu deveria saber sobre seus recursos?",
        "userDefined": false
      }
    ],
    "isTemplate": false,
    "count": 0,
    "lang": "pt-br",
    "updated": 0
  },
  {
    "id": "62031d13-fabd-4a6a-988a-bd0bf77733a5",
    "data": [
      {
        "text": "Do",
        "userDefined": false
      },
      {
        "text": " que você é capaz?",
        "userDefined": false
      }
    ],
    "isTemplate": false,
    "count": 0,
    "lang": "pt-br",
    "updated": 0
  },
  {
    "id": "29b79b64-82bd-4f53-a6b1-2cd65028731a",
    "data": [
      {
        "text": "O que posso te perguntar?",
        "userDefined": false
      }
    ],
    "isTemplate": false,
    "count": 0,
    "lang": "pt-br",
    "updated": 0
  },
  {
    "id": "f2766dd3-ee4a-4f28-b3a5-fb57836f4305",
    "data": [
      {
        "text": "Conte",
        "userDefined": false
      },
      {
        "text": "-me algumas de suas capacidades interessantes",
        "userDefined": false
      }
    ],
    "isTemplate": false,
    "count": 0,
    "lang": "pt-br",
    "updated": 0
  },
  {
    "id": "29e8ee9c-32d4-48f3-8ef0-8fb20ecf8c36",
    "data": [
      {
        "text": "Mostre-me o que você faz?",
        "userDefined": false
      }
    ],
    "isTemplate": false,
    "count": 0,
    "lang": "pt-br",
    "updated": 0
  },
  {
    "id": "7861585b-8f64-424c-a560-dd6db5195240",
    "data": [
      {
        "text": "o que posso fazer?",
        "userDefined": false
      }
    ],
    "isTemplate": false,
    "count": 1,
    "lang": "pt-br",
    "updated": 0
  },
  {
    "id": "9f84dbfe-822c-4d50-91ad-d576a33bfeb4",
    "data": [
      {
        "text": "Quais são suas funções?",
        "userDefined": false
      }
    ],
    "isTemplate": false,
    "count": 0,
    "lang": "pt-br",
    "updated": 0
  },
  {
    "id": "61cc684d-a35e-4a29-a48d-f493a17d1696",
    "data": [
      {
        "text": "Mostre-me suas habilidades?",
        "userDefined": false
      }
    ],
    "isTemplate": false,
    "count": 0,
    "lang": "pt-br",
    "updated": 0
  },
  {
    "id": "022cf414-d5d8-4b00-a77c-018e6585118c",
    "data": [
      {
        "text": "Quais suas habilidades?",
        "userDefined": false
      }
    ],
    "isTemplate": false,
    "count": 1,
    "lang": "pt-br",
    "updated": 0
  },
  {
    "id": "6f7cd0ad-1a91-42ec-9348-d1051d7f7956",
    "data": [
      {
        "text": "Me diga suas características?",
        "userDefined": false
      }
    ],
    "isTemplate": false,
    "count": 0,
    "lang": "pt-br",
    "updated": 0
  },
  {
    "id": "eb503be7-235e-45fc-bd39-9a302b2e253e",
    "data": [
      {
        "text": "O que você faz?",
        "userDefined": false
      }
    ],
    "isTemplate": false,
    "count": 0,
    "lang": "pt-br",
    "updated": 0
  },
  {
    "id": "bc27bcff-e5c4-4097-b987-b362dc3ca650",
    "data": [
      {
        "text": "O que você faz aqui?",
        "userDefined": false
      }
    ],
    "isTemplate": false,
    "count": 0,
    "lang": "pt-br",
    "updated": 0
  },
  {
    "id": "2bc78485-524c-427c-9918-d1072a4ab4bc",
    "data": [
      {
        "text": "O que voces fazem?",
        "userDefined": false
      }
    ],
    "isTemplate": false,
    "count": 0,
    "lang": "pt-br",
    "updated": 0
  },
  {
    "id": "b736ba42-7e3e-4f72-8cc2-282298cb5bc7",
    "data": [
      {
        "text": "O que eu posso fazer?",
        "userDefined": false
      }
    ],
    "isTemplate": false,
    "count": 0,
    "lang": "pt-br",
    "updated": 0
  },
  {
    "id": "5743f34b-4ca6-48e6-bc7e-2ec196d343ce",
    "data": [
      {
        "text": "Habilidades",
        "userDefined": false
      }
    ],
    "isTemplate": false,
    "count": 0,
    "lang": "pt-br",
    "updated": 0
  },
  {
    "id": "bed38c60-cd2f-40ab-910b-314710f79c1d",
    "data": [
      {
        "text": "Opções",
        "userDefined": false
      }
    ],
    "isTemplate": false,
    "count": 0,
    "lang": "pt-br",
    "updated": 0
  },
  {
    "id": "856a2470-211e-4a16-9f9e-74bece386b22",
    "data": [
      {
        "text": "no que pode me ajudar",
        "userDefined": false
      }
    ],
    "isTemplate": false,
    "count": 0,
    "lang": "pt-br",
    "updated": 0
  }
]