[
  {
    "id": "7e01ad6f-445d-4155-9739-f6fba3b317f4",
    "data": [
      {
        "text": "Pra que você serve?",
        "userDefined": false
      }
    ],
    "isTemplate": false,
    "count": 0,
    "lang": "pt-br",
    "updated": 0
  },
  {
    "id": "f15cba3b-a34c-40b9-b6f1-bcae3a357768",
    "data": [
      {
        "text": "Pra que serve esse chatbot?",
        "userDefined": false
      }
    ],
    "isTemplate": false,
    "count": 0,
    "lang": "pt-br",
    "updated": 0
  },
  {
    "id": "349bbd01-ca21-4ac4-850c-a80910b7c7bc",
    "data": [
      {
        "text": "O que constitui você?",
        "userDefined": false
      }
    ],
    "isTemplate": false,
    "count": 0,
    "lang": "pt-br",
    "updated": 0
  },
  {
    "id": "e48de003-935f-4d6d-afb2-ea2b4d6457ac",
    "data": [
      {
        "text": "O que você é?",
        "userDefined": false
      }
    ],
    "isTemplate": false,
    "count": 0,
    "lang": "pt-br",
    "updated": 0
  },
  {
    "id": "333ef1fa-99aa-4160-b5bf-5359d9c0957a",
    "data": [
      {
        "text": "O que é você?",
        "userDefined": false
      }
    ],
    "isTemplate": false,
    "count": 0,
    "lang": "pt-br",
    "updated": 0
  },
  {
    "data": [
      {
        "text": "O que voce é?",
        "userDefined": false
      }
    ],
    "isTemplate": false,
    "count": 0,
    "lang": "pt-br",
    "updated": 0
  }
]