[
  {
    "id": "52fd4697-b7b8-4123-88cb-5f391c9f922d",
    "data": [
      {
        "text": "Fim",
        "userDefined": false
      }
    ],
    "isTemplate": false,
    "count": 0,
    "lang": "pt-br",
    "updated": 0
  },
  {
    "id": "4aaba302-ab59-4d2f-b203-311b534922b1",
    "data": [
      {
        "text": "Isso é tudo",
        "userDefined": false
      }
    ],
    "isTemplate": false,
    "count": 0,
    "lang": "pt-br",
    "updated": 0
  },
  {
    "id": "07ca8b59-c9c3-4d26-97f5-0433fd6b0fbf",
    "data": [
      {
        "text": "Acabei",
        "userDefined": false
      }
    ],
    "isTemplate": false,
    "count": 0,
    "lang": "pt-br",
    "updated": 0
  },
  {
    "id": "6d85a276-41ed-49cf-84b5-5c6eb152d996",
    "data": [
      {
        "text": "Terminar a conversa",
        "userDefined": false
      }
    ],
    "isTemplate": false,
    "count": 1,
    "lang": "pt-br",
    "updated": 0
  },
  {
    "id": "cc6b1df7-7995-495c-899b-761c36d649b4",
    "data": [
      {
        "text": "Essa conversa acabou",
        "userDefined": false
      }
    ],
    "isTemplate": false,
    "count": 0,
    "lang": "pt-br",
    "updated": 0
  },
  {
    "id": "b8103a44-d61d-4632-842b-f8841b9cfeb7",
    "data": [
      {
        "text": "Eu quero sair",
        "userDefined": false
      }
    ],
    "isTemplate": false,
    "count": 0,
    "lang": "pt-br",
    "updated": 0
  },
  {
    "id": "866afa25-9eb6-418f-9e30-e258aae4dd55",
    "data": [
      {
        "text": "Parti",
        "userDefined": false
      }
    ],
    "isTemplate": false,
    "count": 0,
    "lang": "pt-br",
    "updated": 0
  },
  {
    "id": "4f712d09-a466-441e-9e8c-c0a67eece2a2",
    "data": [
      {
        "text": "Vo indo ",
        "userDefined": false
      },
      {
        "text": "nessa",
        "userDefined": false
      }
    ],
    "isTemplate": false,
    "count": 0,
    "lang": "pt-br",
    "updated": 0
  },
  {
    "id": "d0fbd49f-868a-4919-a974-62257225dd84",
    "data": [
      {
        "text": "To saindo",
        "userDefined": false
      }
    ],
    "isTemplate": false,
    "count": 0,
    "lang": "pt-br",
    "updated": 0
  },
  {
    "id": "8dffcbb1-a283-41b8-93f8-465c70f909ad",
    "data": [
      {
        "text": "tchauzinho",
        "userDefined": false
      }
    ],
    "isTemplate": false,
    "count": 0,
    "lang": "pt-br",
    "updated": 0
  },
  {
    "id": "85ad98db-ba7e-4f29-82ef-fde5c8c69a19",
    "data": [
      {
        "text": "Terminar",
        "userDefined": false
      }
    ],
    "isTemplate": false,
    "count": 0,
    "lang": "pt-br",
    "updated": 0
  },
  {
    "id": "a96b0020-5902-4dae-aa65-3fc485d3a7ad",
    "data": [
      {
        "text": "Preciso sair",
        "userDefined": false
      }
    ],
    "isTemplate": false,
    "count": 0,
    "lang": "pt-br",
    "updated": 0
  },
  {
    "id": "d0a51a76-1093-4301-ba18-c5ce83e65890",
    "data": [
      {
        "text": "Estou saindo",
        "userDefined": false
      }
    ],
    "isTemplate": false,
    "count": 0,
    "lang": "pt-br",
    "updated": 0
  },
  {
    "id": "d23681a4-8215-4fc6-a73e-21d0f6f58899",
    "data": [
      {
        "text": "Vou sair",
        "userDefined": false
      }
    ],
    "isTemplate": false,
    "count": 0,
    "lang": "pt-br",
    "updated": 0
  },
  {
    "id": "a1053ac1-c0e4-412a-9371-27ffb1144452",
    "data": [
      {
        "text": "Tchau",
        "userDefined": false
      }
    ],
    "isTemplate": false,
    "count": 0,
    "lang": "pt-br",
    "updated": 0
  },
  {
    "id": "b49b65b3-ca81-4209-83bc-4f9480a7ab97",
    "data": [
      {
        "text": "Encerrar",
        "userDefined": false
      }
    ],
    "isTemplate": false,
    "count": 0,
    "lang": "pt-br",
    "updated": 0
  },
  {
    "id": "363e0aca-0b93-4b83-8dab-b8ff687d4673",
    "data": [
      {
        "text": "Sair",
        "userDefined": false
      }
    ],
    "isTemplate": false,
    "count": 2,
    "lang": "pt-br",
    "updated": 0
  },
  {
    "id": "8bdf4909-6425-45dd-b234-4173f79fb67f",
    "data": [
      {
        "text": "Por",
        "userDefined": false
      },
      {
        "text": " ",
        "userDefined": false
      },
      {
        "text": "hoje",
        "userDefined": false
      },
      {
        "text": " é só",
        "userDefined": false
      }
    ],
    "isTemplate": false,
    "count": 0,
    "lang": "pt-br",
    "updated": 0
  },
  {
    "id": "b427258c-1fed-413c-a821-f3d50cca554b",
    "data": [
      {
        "text": "É só isso",
        "userDefined": false
      }
    ],
    "isTemplate": false,
    "count": 1,
    "lang": "pt-br",
    "updated": 0
  }
]