[
  {
    "id": "c0583eb4-5126-4833-8703-59ee29a581b8",
    "data": [
      {
        "text": "Ajude",
        "userDefined": false
      }
    ],
    "isTemplate": false,
    "count": 0,
    "lang": "pt-br",
    "updated": 0
  },
  {
    "id": "980a2096-44b5-47c4-9c91-ab18358a30c9",
    "data": [
      {
        "text": "Ajudar",
        "userDefined": false
      }
    ],
    "isTemplate": false,
    "count": 0,
    "lang": "pt-br",
    "updated": 0
  },
  {
    "id": "8f6fc57c-7766-438e-88e8-775037485360",
    "data": [
      {
        "text": "Ajuda",
        "userDefined": false
      }
    ],
    "isTemplate": false,
    "count": 1,
    "lang": "pt-br",
    "updated": 0
  },
  {
    "id": "3d7319de-da53-45fa-a0b8-cb96a91f2088",
    "data": [
      {
        "text": "Como usar chatbot",
        "userDefined": false
      }
    ],
    "isTemplate": false,
    "count": 0,
    "lang": "pt-br",
    "updated": 0
  },
  {
    "id": "d46c4feb-86ca-43d9-8df3-d04270e5699b",
    "data": [
      {
        "text": "Instruções de uso ",
        "userDefined": false
      },
      {
        "text": "do",
        "userDefined": false
      },
      {
        "text": " chatbot",
        "userDefined": false
      }
    ],
    "isTemplate": false,
    "count": 0,
    "lang": "pt-br",
    "updated": 0
  },
  {
    "id": "9f1fc6e3-9bf8-47dc-ae88-81b800f777ce",
    "data": [
      {
        "text": "Instruções ",
        "userDefined": false
      },
      {
        "text": "para",
        "userDefined": false
      },
      {
        "text": " usar chatbot",
        "userDefined": false
      }
    ],
    "isTemplate": false,
    "count": 0,
    "lang": "pt-br",
    "updated": 0
  },
  {
    "id": "53bde412-d6c9-4678-9034-909bb54bbd08",
    "data": [
      {
        "text": "Como usar o ",
        "userDefined": false
      },
      {
        "text": "assistente",
        "userDefined": false
      },
      {
        "text": "?",
        "userDefined": false
      }
    ],
    "isTemplate": false,
    "count": 0,
    "lang": "pt-br",
    "updated": 0
  },
  {
    "id": "fba799e0-7102-45e8-824c-05b0631dd013",
    "data": [
      {
        "text": "Como ",
        "userDefined": false
      },
      {
        "text": "usa",
        "userDefined": false
      },
      {
        "text": " o chatbot",
        "userDefined": false
      }
    ],
    "isTemplate": false,
    "count": 0,
    "lang": "pt-br",
    "updated": 0
  },
  {
    "id": "67c378b7-e6e9-424d-a6a8-41e62e8b014c",
    "data": [
      {
        "text": "Como usar isso?",
        "userDefined": false
      }
    ],
    "isTemplate": false,
    "count": 0,
    "lang": "pt-br",
    "updated": 0
  },
  {
    "id": "2e376171-0871-481d-94e2-7ef7ef7b677d",
    "data": [
      {
        "text": "ajuda",
        "userDefined": false
      }
    ],
    "isTemplate": false,
    "count": 1,
    "lang": "pt-br",
    "updated": 0
  },
  {
    "data": [
      {
        "text": "no que pode me ajudar",
        "userDefined": false
      }
    ],
    "isTemplate": false,
    "count": 0,
    "lang": "pt-br",
    "updated": 0
  },
  {
    "data": [
      {
        "text": "No que voce pode me ajudar",
        "userDefined": false
      }
    ],
    "isTemplate": false,
    "count": 0,
    "lang": "pt-br",
    "updated": 0
  },
  {
    "data": [
      {
        "text": "No que pode me ajudar?",
        "userDefined": false
      }
    ],
    "isTemplate": false,
    "count": 0,
    "lang": "pt-br",
    "updated": 0
  }
]