[
  {
    "id": "c1584f3b-527b-4d94-96c3-19d0fc95f916",
    "data": [
      {
        "text": "Tudo bom",
        "userDefined": false
      },
      {
        "text": "?",
        "userDefined": false
      }
    ],
    "isTemplate": false,
    "count": 0,
    "lang": "pt-br",
    "updated": 0
  },
  {
    "id": "9e515821-0892-4cb7-8923-2ffc23b81f2a",
    "data": [
      {
        "text": "Aoba",
        "userDefined": false
      }
    ],
    "isTemplate": false,
    "count": 0,
    "lang": "pt-br",
    "updated": 0
  },
  {
    "id": "5cfb77fe-d193-4448-b54d-947e0a618c19",
    "data": [
      {
        "text": "Boa",
        "userDefined": true
      },
      {
        "text": " ",
        "userDefined": false
      },
      {
        "text": "noite",
        "userDefined": false
      }
    ],
    "isTemplate": false,
    "count": 1,
    "lang": "pt-br",
    "updated": 0
  },
  {
    "id": "44a623e4-5e6f-4085-9ee1-8c262afa0def",
    "data": [
      {
        "text": "Boa ",
        "userDefined": false
      },
      {
        "text": "tarde",
        "userDefined": false
      }
    ],
    "isTemplate": false,
    "count": 1,
    "lang": "pt-br",
    "updated": 0
  },
  {
    "id": "a2775bfc-d069-4603-adb2-45c45455c27c",
    "data": [
      {
        "text": "Bom dia",
        "userDefined": false
      }
    ],
    "isTemplate": false,
    "count": 2,
    "lang": "pt-br",
    "updated": 0
  },
  {
    "id": "ecdd464f-cf01-4b21-92b4-fdafd4e8516e",
    "data": [
      {
        "text": "há quanto tempo",
        "userDefined": false
      }
    ],
    "isTemplate": false,
    "count": 0,
    "lang": "pt-br",
    "updated": 0
  },
  {
    "id": "1e6a4749-c8de-4900-9b84-4e69d11ef32e",
    "data": [
      {
        "text": "olá",
        "userDefined": false
      }
    ],
    "isTemplate": false,
    "count": 0,
    "lang": "pt-br",
    "updated": 0
  },
  {
    "id": "1497ae5b-4259-4ed0-96a2-50f048d739e7",
    "data": [
      {
        "text": "oi",
        "userDefined": false
      }
    ],
    "isTemplate": false,
    "count": 0,
    "lang": "pt-br",
    "updated": 0
  },
  {
    "id": "46a4c5cf-002e-4523-af3e-2988a34f0d0c",
    "data": [
      {
        "text": "opa",
        "userDefined": false
      }
    ],
    "isTemplate": false,
    "count": 0,
    "lang": "pt-br",
    "updated": 0
  },
  {
    "id": "30ef799a-a3ae-4e24-ae16-4124b42493eb",
    "data": [
      {
        "text": "fala aí",
        "userDefined": false
      }
    ],
    "isTemplate": false,
    "count": 0,
    "lang": "pt-br",
    "updated": 0
  },
  {
    "id": "b49e501d-6130-414a-b299-20e2d8e25f0a",
    "data": [
      {
        "text": "fala",
        "userDefined": false
      }
    ],
    "isTemplate": false,
    "count": 0,
    "lang": "pt-br",
    "updated": 0
  },
  {
    "id": "af9efc51-8eb0-4e24-8bc0-1b6fd3edffc3",
    "data": [
      {
        "text": "saudações",
        "userDefined": false
      }
    ],
    "isTemplate": false,
    "count": 0,
    "lang": "pt-br",
    "updated": 0
  },
  {
    "id": "76199990-ef61-4bad-acf8-5a0594e0487a",
    "data": [
      {
        "text": "oi tudo bem",
        "userDefined": false
      }
    ],
    "isTemplate": false,
    "count": 0,
    "lang": "pt-br",
    "updated": 0
  },
  {
    "id": "6fe699e5-9dc5-43fc-a4cb-d520b632e1b9",
    "data": [
      {
        "text": "e aí",
        "userDefined": false
      }
    ],
    "isTemplate": false,
    "count": 0,
    "lang": "pt-br",
    "updated": 0
  },
  {
    "id": "d2bb9e37-c2e5-4b8e-a8eb-48d9921d3f5b",
    "data": [
      {
        "text": "eae",
        "userDefined": false
      }
    ],
    "isTemplate": false,
    "count": 0,
    "lang": "pt-br",
    "updated": 0
  },
  {
    "id": "0c959729-ca66-4886-8f62-7f6b6eff8891",
    "data": [
      {
        "text": "ola",
        "userDefined": false
      }
    ],
    "isTemplate": false,
    "count": 2,
    "lang": "pt-br",
    "updated": 0
  },
  {
    "id": "4030d7a1-e34d-43d3-aaa3-8faa0df05515",
    "data": [
      {
        "text": "Ola",
        "userDefined": false
      }
    ],
    "isTemplate": false,
    "count": 1,
    "lang": "pt-br",
    "updated": 0
  },
  {
    "id": "ecdc1483-feff-4e9b-8936-1d97002e749c",
    "data": [
      {
        "text": "ola",
        "meta": "@sys.person",
        "alias": "person",
        "userDefined": false
      }
    ],
    "isTemplate": false,
    "count": 0,
    "lang": "pt-br",
    "updated": 0
  },
  {
    "id": "17bdf954-53e6-4f22-82f2-463f432544a1",
    "data": [
      {
        "text": "Joao",
        "meta": "@sys.person",
        "alias": "person",
        "userDefined": false
      }
    ],
    "isTemplate": false,
    "count": 0,
    "lang": "pt-br",
    "updated": 0
  },
  {
    "id": "520e38d7-4808-400d-8990-7227c5759963",
    "data": [
      {
        "text": "Joao Manoel",
        "meta": "@sys.person",
        "alias": "person",
        "userDefined": false
      }
    ],
    "isTemplate": false,
    "count": 0,
    "lang": "pt-br",
    "updated": 0
  },
  {
    "data": [
      {
        "text": "Davi",
        "meta": "@sys.person",
        "alias": "person",
        "userDefined": false
      }
    ],
    "isTemplate": false,
    "count": 2,
    "lang": "pt-br",
    "updated": 0
  },
  {
    "data": [
      {
        "text": "oi",
        "userDefined": false
      }
    ],
    "isTemplate": false,
    "count": 1,
    "lang": "pt-br",
    "updated": 0
  },
  {
    "data": [
      {
        "text": "Oi",
        "userDefined": false
      }
    ],
    "isTemplate": false,
    "count": 0,
    "lang": "pt-br",
    "updated": 0
  }
]