[
  {
    "id": "5f729777-b2f2-493b-b799-557171243aac",
    "data": [
      {
        "text": "Quais são os itens no ",
        "userDefined": false
      },
      {
        "text": "carrinho",
        "meta": "@cart",
        "alias": "cart",
        "userDefined": false
      }
    ],
    "isTemplate": false,
    "count": 1,
    "lang": "pt-br",
    "updated": 0
  },
  {
    "id": "c5757c2b-846f-45f2-b5c8-ef3182448ef1",
    "data": [
      {
        "text": "Itens do ",
        "userDefined": false
      },
      {
        "text": "carrinho",
        "meta": "@cart",
        "alias": "cart",
        "userDefined": false
      }
    ],
    "isTemplate": false,
    "count": 0,
    "lang": "pt-br",
    "updated": 0
  },
  {
    "id": "3ab49b76-473b-4a1f-bca5-7c61295e4872",
    "data": [
      {
        "text": "Mostre-me todos os itens que comprei",
        "userDefined": false
      }
    ],
    "isTemplate": false,
    "count": 0,
    "lang": "pt-br",
    "updated": 0
  },
  {
    "id": "9d87b456-53b8-4dd7-99ed-410a465663e2",
    "data": [
      {
        "text": "Todos os itens ",
        "userDefined": false
      },
      {
        "text": "do",
        "userDefined": false
      },
      {
        "text": " ",
        "userDefined": false
      },
      {
        "text": "carrinho",
        "meta": "@cart",
        "alias": "cart",
        "userDefined": false
      }
    ],
    "isTemplate": false,
    "count": 0,
    "lang": "pt-br",
    "updated": 0
  },
  {
    "id": "90098974-8090-4624-83f9-2ef014dd4d6e",
    "data": [
      {
        "text": "qual o conteúdo ",
        "userDefined": false
      },
      {
        "text": "do",
        "userDefined": false
      },
      {
        "text": " ",
        "userDefined": false
      },
      {
        "text": "carrinho",
        "meta": "@cart",
        "alias": "cart",
        "userDefined": false
      }
    ],
    "isTemplate": false,
    "count": 0,
    "lang": "pt-br",
    "updated": 0
  },
  {
    "id": "7797e486-3b33-4473-bb45-c397eb915802",
    "data": [
      {
        "text": "Mostrar itens no ",
        "userDefined": false
      },
      {
        "text": "carrinho",
        "meta": "@cart",
        "alias": "cart",
        "userDefined": false
      }
    ],
    "isTemplate": false,
    "count": 0,
    "lang": "pt-br",
    "updated": 0
  },
  {
    "id": "a7f0abc0-2694-4aab-90c8-0b12b2fe25dc",
    "data": [
      {
        "text": "O que está no ",
        "userDefined": false
      },
      {
        "text": "carrinho",
        "meta": "@cart",
        "alias": "cart",
        "userDefined": true
      },
      {
        "text": "?",
        "userDefined": false
      }
    ],
    "isTemplate": false,
    "count": 0,
    "lang": "pt-br",
    "updated": 0
  }
]