[
  {
    "id": "d80c7d2d-8cb3-4c31-9923-64f2a2f601fc",
    "data": [
      {
        "text": "Qual é a ",
        "userDefined": false
      },
      {
        "text": "conta",
        "meta": "@attributes",
        "alias": "attributes",
        "userDefined": true
      },
      {
        "text": "?",
        "userDefined": false
      }
    ],
    "isTemplate": false,
    "count": 0,
    "lang": "pt-br",
    "updated": 0
  },
  {
    "id": "a555446e-5cba-44a3-a102-c8988b070eb4",
    "data": [
      {
        "text": "Qual é o ",
        "userDefined": false
      },
      {
        "text": "preço",
        "meta": "@attributes",
        "alias": "attributes",
        "userDefined": true
      },
      {
        "text": " de todos os itens no ",
        "userDefined": false
      },
      {
        "text": "carrinho",
        "meta": "@cart",
        "alias": "cart",
        "userDefined": true
      },
      {
        "text": "?",
        "userDefined": false
      }
    ],
    "isTemplate": false,
    "count": 0,
    "lang": "pt-br",
    "updated": 0
  },
  {
    "id": "5b15fb69-b660-4a78-90a4-7144fa12f154",
    "data": [
      {
        "text": "Qual o ",
        "userDefined": false
      },
      {
        "text": "valor",
        "meta": "@attributes",
        "alias": "attributes",
        "userDefined": true
      },
      {
        "text": " ",
        "userDefined": false
      },
      {
        "text": "total",
        "meta": "@attributes",
        "alias": "attributes",
        "userDefined": true
      },
      {
        "text": "?",
        "userDefined": false
      }
    ],
    "isTemplate": false,
    "count": 0,
    "lang": "pt-br",
    "updated": 0
  },
  {
    "id": "505ef5cd-b064-4deb-a03c-df136df5c6dd",
    "data": [
      {
        "text": "Qual é o ",
        "userDefined": false
      },
      {
        "text": "custo",
        "meta": "@attributes",
        "alias": "attributes",
        "userDefined": true
      },
      {
        "text": " ",
        "userDefined": false
      },
      {
        "text": "total",
        "meta": "@attributes",
        "alias": "attributes",
        "userDefined": true
      },
      {
        "text": "?",
        "userDefined": false
      }
    ],
    "isTemplate": false,
    "count": 0,
    "lang": "pt-br",
    "updated": 0
  },
  {
    "id": "a86dc2e5-f5b8-415b-a946-dff466ec3c0f",
    "data": [
      {
        "text": "Conta",
        "userDefined": false
      }
    ],
    "isTemplate": false,
    "count": 0,
    "lang": "pt-br",
    "updated": 0
  }
]