[
  {
    "id": "3bd9ed20-b20a-48c2-94a8-2272d362f4a9",
    "data": [
      {
        "text": "há",
        "userDefined": false
      },
      {
        "text": " ",
        "userDefined": false
      },
      {
        "text": "um",
        "userDefined": false
      },
      {
        "text": " ",
        "userDefined": false
      },
      {
        "text": "desconto",
        "userDefined": false
      },
      {
        "text": " nas ",
        "userDefined": false
      },
      {
        "text": "maçãs",
        "meta": "@product",
        "alias": "product",
        "userDefined": false
      },
      {
        "text": "?",
        "userDefined": false
      }
    ],
    "isTemplate": false,
    "count": 0,
    "lang": "pt-br",
    "updated": 0
  },
  {
    "id": "81707791-18f6-48ca-aa31-831df08730c2",
    "data": [
      {
        "text": "qual é o ",
        "userDefined": false
      },
      {
        "text": "desconto",
        "userDefined": false
      },
      {
        "text": " em ",
        "userDefined": false
      },
      {
        "text": "uma",
        "userDefined": false
      },
      {
        "text": " ",
        "userDefined": false
      },
      {
        "text": "maçã",
        "meta": "@product",
        "alias": "product",
        "userDefined": false
      }
    ],
    "isTemplate": false,
    "count": 0,
    "lang": "pt-br",
    "updated": 0
  },
  {
    "id": "7b2b9e4c-9ea7-4298-b920-2912f93e3223",
    "data": [
      {
        "text": "a loja",
        "userDefined": false
      },
      {
        "text": " oferece algum ",
        "userDefined": false
      },
      {
        "text": "desconto",
        "userDefined": false
      },
      {
        "text": " em ",
        "userDefined": false
      },
      {
        "text": "uma",
        "userDefined": false
      },
      {
        "text": " ",
        "userDefined": false
      },
      {
        "text": "maçã",
        "meta": "@product",
        "alias": "product",
        "userDefined": false
      }
    ],
    "isTemplate": false,
    "count": 0,
    "lang": "pt-br",
    "updated": 0
  }
]