[
  {
    "id": "19f93d12-9e18-44e3-9627-1004c2eea708",
    "data": [
      {
        "text": "quais ",
        "userDefined": false
      },
      {
        "text": "são",
        "userDefined": false
      },
      {
        "text": " os tipos de itens na ",
        "userDefined": false
      },
      {
        "text": "loja",
        "userDefined": false
      }
    ],
    "isTemplate": false,
    "count": 0,
    "lang": "pt-br",
    "updated": 0
  },
  {
    "id": "f9354d5d-68bc-4191-82a5-663081b5561b",
    "data": [
      {
        "text": "que tipo de ",
        "userDefined": false
      },
      {
        "text": "maçã",
        "meta": "@product",
        "alias": "product",
        "userDefined": false
      },
      {
        "text": " você tem?",
        "userDefined": false
      }
    ],
    "isTemplate": false,
    "count": 0,
    "lang": "pt-br",
    "updated": 0
  }
]