[
  {
    "id": "83e16eef-b228-49ca-ab80-99f322e40f45",
    "data": [
      {
        "text": "Quando foi fabricado",
        "userDefined": false
      }
    ],
    "isTemplate": false,
    "count": 1,
    "lang": "pt-br",
    "updated": 0
  },
  {
    "id": "d71c3b11-0652-4b1e-aff9-e34767f0e98f",
    "data": [
      {
        "text": "De quando é essa ",
        "userDefined": false
      },
      {
        "text": "bolacha",
        "meta": "@product",
        "alias": "product",
        "userDefined": true
      }
    ],
    "isTemplate": false,
    "count": 0,
    "lang": "pt-br",
    "updated": 0
  },
  {
    "id": "b7060661-b5d2-4fce-abe6-012169a5aea6",
    "data": [
      {
        "text": "De quando é esse produto",
        "userDefined": false
      }
    ],
    "isTemplate": false,
    "count": 0,
    "lang": "pt-br",
    "updated": 0
  },
  {
    "id": "8e6d63be-a421-4fda-8cc3-f3576ef6ecc4",
    "data": [
      {
        "text": "Quando foi ",
        "userDefined": false
      },
      {
        "text": "feito",
        "userDefined": false
      }
    ],
    "isTemplate": false,
    "count": 0,
    "lang": "pt-br",
    "updated": 0
  },
  {
    "id": "486c5f38-14af-485a-804f-f7c52c392c3e",
    "data": [
      {
        "text": "Quando esse item foi ",
        "userDefined": false
      },
      {
        "text": "feito",
        "userDefined": false
      }
    ],
    "isTemplate": false,
    "count": 0,
    "lang": "pt-br",
    "updated": 0
  }
]