[
  {
    "id": "6c453d3d-5ca4-4747-86c7-c059c48fd991",
    "data": [
      {
        "text": "Qual é o melhor negócio ",
        "userDefined": false
      },
      {
        "text": "hoje",
        "meta": "@sys.date-time",
        "alias": "date-time",
        "userDefined": false
      }
    ],
    "isTemplate": false,
    "count": 0,
    "lang": "pt-br",
    "updated": 0
  },
  {
    "id": "aa8ea331-db6d-438c-ac40-84118700a41b",
    "data": [
      {
        "text": "qual é a melhor oferta",
        "userDefined": false
      }
    ],
    "isTemplate": false,
    "count": 0,
    "lang": "pt-br",
    "updated": 0
  },
  {
    "id": "aabfda3c-d7cf-450f-be1c-1d09a8d0d41e",
    "data": [
      {
        "text": "qual produto tem mais ",
        "userDefined": false
      },
      {
        "text": "desconto",
        "userDefined": false
      }
    ],
    "isTemplate": false,
    "count": 1,
    "lang": "pt-br",
    "updated": 0
  },
  {
    "id": "8c9eeb94-22ba-4a2f-9e1d-b7f41d173f36",
    "data": [
      {
        "text": "qual é a oferta especial ",
        "userDefined": false
      },
      {
        "text": "hoje",
        "userDefined": false
      }
    ],
    "isTemplate": false,
    "count": 0,
    "lang": "pt-br",
    "updated": 0
  },
  {
    "id": "24ef3303-32fc-42d7-acf9-f679b1c4bd25",
    "data": [
      {
        "text": "qual item tem o maior ",
        "userDefined": false
      },
      {
        "text": "desconto",
        "userDefined": false
      }
    ],
    "isTemplate": false,
    "count": 1,
    "lang": "pt-br",
    "updated": 0
  }
]