[
  {
    "id": "b6e8759c-33c0-415d-aac6-29580df28f29",
    "data": [
      {
        "text": "Vocês tem ",
        "userDefined": false
      },
      {
        "text": "5",
        "meta": "@sys.number",
        "alias": "number",
        "userDefined": false
      },
      {
        "text": " ",
        "userDefined": false
      },
      {
        "text": "maças",
        "meta": "@product",
        "alias": "product",
        "userDefined": false
      },
      {
        "text": "?",
        "userDefined": false
      }
    ],
    "isTemplate": false,
    "count": 0,
    "lang": "pt-br",
    "updated": 0
  },
  {
    "id": "98d69324-5374-4be6-b725-ac150af355c1",
    "data": [
      {
        "text": "Onde posso encontrar ",
        "userDefined": false
      },
      {
        "text": "uma",
        "userDefined": false
      },
      {
        "text": " ",
        "userDefined": false
      },
      {
        "text": "maçã",
        "meta": "@product",
        "alias": "product",
        "userDefined": false
      }
    ],
    "isTemplate": false,
    "count": 0,
    "lang": "pt-br",
    "updated": 0
  },
  {
    "id": "dbea2f02-dd8e-43f3-a313-72e3aabbe4ea",
    "data": [
      {
        "text": "onde posso procurar ",
        "userDefined": false
      },
      {
        "text": "uma",
        "userDefined": false
      },
      {
        "text": " ",
        "userDefined": false
      },
      {
        "text": "maçã",
        "meta": "@product",
        "alias": "product",
        "userDefined": false
      }
    ],
    "isTemplate": false,
    "count": 0,
    "lang": "pt-br",
    "updated": 0
  },
  {
    "id": "dbead31d-414a-49f6-a00e-ca0bcafab960",
    "data": [
      {
        "text": "onde está ",
        "userDefined": false
      },
      {
        "text": "a",
        "userDefined": false
      },
      {
        "text": " ",
        "userDefined": false
      },
      {
        "text": "maçã",
        "meta": "@product",
        "alias": "product",
        "userDefined": false
      }
    ],
    "isTemplate": false,
    "count": 1,
    "lang": "pt-br",
    "updated": 0
  },
  {
    "id": "7cf13fc4-7409-43cf-82b4-e4e431d22cde",
    "data": [
      {
        "text": "onde posso encontrar ",
        "userDefined": false
      },
      {
        "text": "uma",
        "userDefined": false
      },
      {
        "text": " ",
        "userDefined": false
      },
      {
        "text": "maçã",
        "meta": "@product",
        "alias": "product",
        "userDefined": false
      },
      {
        "text": " nesta ",
        "userDefined": false
      },
      {
        "text": "loja",
        "userDefined": false
      }
    ],
    "isTemplate": false,
    "count": 0,
    "lang": "pt-br",
    "updated": 0
  },
  {
    "id": "b2286681-29fe-44ba-8988-f136e42ed6c1",
    "data": [
      {
        "text": "onde fica a ",
        "userDefined": false
      },
      {
        "text": "maçã",
        "meta": "@product",
        "alias": "product",
        "userDefined": false
      }
    ],
    "isTemplate": false,
    "count": 0,
    "lang": "pt-br",
    "updated": 0
  },
  {
    "id": "38e77ae4-3747-4cb7-8ff4-56bb923b342d",
    "data": [
      {
        "text": "você tem ",
        "userDefined": false
      },
      {
        "text": "açúcar",
        "meta": "@product",
        "alias": "product",
        "userDefined": true
      },
      {
        "text": "?",
        "userDefined": false
      }
    ],
    "isTemplate": false,
    "count": 0,
    "lang": "pt-br",
    "updated": 0
  },
  {
    "id": "e00dba38-6dbd-448b-a4e9-c9bd0e5da135",
    "data": [
      {
        "text": "maça",
        "meta": "@product",
        "alias": "product",
        "userDefined": false
      }
    ],
    "isTemplate": false,
    "count": 0,
    "lang": "pt-br",
    "updated": 0
  },
  {
    "id": "3a9189a6-c75f-4844-b536-4ec8a2a9ce95",
    "data": [
      {
        "text": "banana",
        "meta": "@product",
        "alias": "product",
        "userDefined": false
      }
    ],
    "isTemplate": false,
    "count": 0,
    "lang": "pt-br",
    "updated": 0
  }
]