[
  {
    "id": "897203b6-3a4d-435d-88ef-f8f2cb1a2fe8",
    "data": [
      {
        "text": "Quando a ",
        "userDefined": false
      },
      {
        "text": "maça",
        "meta": "@product",
        "alias": "product",
        "userDefined": false
      },
      {
        "text": " vence?",
        "userDefined": false
      }
    ],
    "isTemplate": false,
    "count": 0,
    "lang": "pt-br",
    "updated": 0
  },
  {
    "id": "cece9c31-c279-409f-aa2e-bd9ce325372e",
    "data": [
      {
        "text": "Quando vai vencer",
        "userDefined": false
      }
    ],
    "isTemplate": false,
    "count": 0,
    "lang": "pt-br",
    "updated": 0
  },
  {
    "id": "c722aebf-4c1b-4218-9fb1-4a90e1ec5aff",
    "data": [
      {
        "text": "Vencimento",
        "userDefined": false
      }
    ],
    "isTemplate": false,
    "count": 0,
    "lang": "pt-br",
    "updated": 0
  },
  {
    "id": "a82f7d17-f8ef-4d3a-8742-7fc91cd36afd",
    "data": [
      {
        "text": "este item ",
        "userDefined": false
      },
      {
        "text": "expira",
        "userDefined": false
      },
      {
        "text": " em breve",
        "userDefined": false
      }
    ],
    "isTemplate": false,
    "count": 0,
    "lang": "pt-br",
    "updated": 0
  },
  {
    "id": "82254175-7ea2-4786-a125-37fb0fd1f5ed",
    "data": [
      {
        "text": "este produto vai ",
        "userDefined": false
      },
      {
        "text": "expirar",
        "userDefined": false
      }
    ],
    "isTemplate": false,
    "count": 0,
    "lang": "pt-br",
    "updated": 0
  },
  {
    "id": "e386563f-9f3c-498d-9b1c-fec055bc43a7",
    "data": [
      {
        "text": "esta ",
        "userDefined": false
      },
      {
        "text": "maçã",
        "meta": "@product",
        "alias": "product",
        "userDefined": false
      },
      {
        "text": " vai ",
        "userDefined": false
      },
      {
        "text": "expirar",
        "userDefined": false
      },
      {
        "text": " em breve?",
        "userDefined": false
      }
    ],
    "isTemplate": false,
    "count": 0,
    "lang": "pt-br",
    "updated": 0
  },
  {
    "id": "76e205ca-31d1-4774-bf06-99ed8c02e4db",
    "data": [
      {
        "text": "qual é ",
        "userDefined": false
      },
      {
        "text": "a",
        "userDefined": false
      },
      {
        "text": " vida útil ",
        "userDefined": false
      },
      {
        "text": "da",
        "userDefined": false
      },
      {
        "text": " ",
        "userDefined": false
      },
      {
        "text": "maçã",
        "meta": "@product",
        "alias": "product",
        "userDefined": true
      }
    ],
    "isTemplate": false,
    "count": 0,
    "lang": "pt-br",
    "updated": 0
  },
  {
    "id": "ff0ecf1b-ac57-435b-8af9-dbc7e7ca0edf",
    "data": [
      {
        "text": "quando este produto vai ",
        "userDefined": false
      },
      {
        "text": "expirar",
        "userDefined": false
      }
    ],
    "isTemplate": false,
    "count": 0,
    "lang": "pt-br",
    "updated": 0
  },
  {
    "id": "c5990826-1e54-460e-bc0f-bb287d875a73",
    "data": [
      {
        "text": "quando a ",
        "userDefined": false
      },
      {
        "text": "maça",
        "meta": "@product",
        "alias": "product",
        "userDefined": true
      },
      {
        "text": " vai ",
        "userDefined": false
      },
      {
        "text": "expirar",
        "userDefined": false
      }
    ],
    "isTemplate": false,
    "count": 0,
    "lang": "pt-br",
    "updated": 0
  }
]