[
  {
    "id": "5f328c9c-6283-4f0a-bf9a-1e41e1583f4d",
    "data": [
      {
        "text": "quantas ",
        "userDefined": false
      },
      {
        "text": "maçãs",
        "meta": "@product",
        "alias": "product",
        "userDefined": false
      },
      {
        "text": " posso comprar",
        "userDefined": false
      }
    ],
    "isTemplate": false,
    "count": 0,
    "lang": "pt-br",
    "updated": 0
  },
  {
    "id": "44c71d09-8e43-4561-8cfa-362969ec16b0",
    "data": [
      {
        "text": "quantas ",
        "userDefined": false
      },
      {
        "text": "maçãs",
        "meta": "@product",
        "alias": "product",
        "userDefined": false
      },
      {
        "text": " ",
        "userDefined": false
      },
      {
        "text": "há",
        "userDefined": false
      }
    ],
    "isTemplate": false,
    "count": 0,
    "lang": "pt-br",
    "updated": 0
  },
  {
    "id": "3f8ed0cd-4bf4-4fb5-8985-183c972270dd",
    "data": [
      {
        "text": "quantas ",
        "userDefined": false
      },
      {
        "text": "maçãs",
        "meta": "@product",
        "alias": "product",
        "userDefined": false
      },
      {
        "text": " ",
        "userDefined": false
      },
      {
        "text": "há",
        "userDefined": false
      },
      {
        "text": " na ",
        "userDefined": false
      },
      {
        "text": "loja",
        "userDefined": false
      }
    ],
    "isTemplate": false,
    "count": 0,
    "lang": "pt-br",
    "updated": 0
  }
]