[
  {
    "id": "968fecea-a1e7-4232-9cd4-008dfbceac36",
    "data": [
      {
        "text": "Este item é muito caro",
        "userDefined": false
      }
    ],
    "isTemplate": false,
    "count": 0,
    "lang": "pt-br",
    "updated": 0
  },
  {
    "id": "9ee9bea3-f53f-4144-a92f-4ac163bb3bb6",
    "data": [
      {
        "text": "A ",
        "userDefined": false
      },
      {
        "text": "conta",
        "userDefined": false
      },
      {
        "text": " é demais",
        "userDefined": false
      }
    ],
    "isTemplate": false,
    "count": 0,
    "lang": "pt-br",
    "updated": 0
  },
  {
    "id": "1c5e67b0-61a8-48fc-991c-00cadf21c5c0",
    "data": [
      {
        "text": "A ",
        "userDefined": false
      },
      {
        "text": "conta",
        "userDefined": false
      },
      {
        "text": " é muito caramuito caro",
        "userDefined": false
      }
    ],
    "isTemplate": false,
    "count": 0,
    "lang": "pt-br",
    "updated": 0
  }
]