[
  {
    "id": "11665445-71da-420e-a29b-a887faeb37aa",
    "data": [
      {
        "text": "João",
        "meta": "@sys.person",
        "alias": "person",
        "userDefined": false
      }
    ],
    "isTemplate": false,
    "count": 0,
    "lang": "pt-br",
    "updated": 0
  },
  {
    "id": "ca1b9cbb-786a-45b6-a994-185abf25246c",
    "data": [
      {
        "text": "Padre",
        "meta": "@sys.person",
        "alias": "person",
        "userDefined": true
      }
    ],
    "isTemplate": false,
    "count": 0,
    "lang": "pt-br",
    "updated": 0
  },
  {
    "id": "d9269769-c54f-4b4d-a6b8-80db6890a5f6",
    "data": [
      {
        "text": "Jessica",
        "meta": "@sys.person",
        "alias": "person",
        "userDefined": false
      }
    ],
    "isTemplate": false,
    "count": 0,
    "lang": "pt-br",
    "updated": 0
  },
  {
    "id": "0d4a13da-0b51-450a-b2ba-873b6e2e70e6",
    "data": [
      {
        "text": "Oclair",
        "meta": "@sys.person",
        "alias": "person",
        "userDefined": false
      }
    ],
    "isTemplate": false,
    "count": 3,
    "lang": "pt-br",
    "updated": 0
  },
  {
    "id": "644b516d-910f-4bef-bafa-3cb2a0c8738c",
    "data": [
      {
        "text": "Davi",
        "meta": "@sys.person",
        "alias": "person",
        "userDefined": true
      }
    ],
    "isTemplate": false,
    "count": 7,
    "lang": "pt-br",
    "updated": 0
  },
  {
    "id": "9de3ffbf-3352-4217-94e7-ac4a0de12f61",
    "data": [
      {
        "text": "Pedro",
        "meta": "@sys.person",
        "alias": "person",
        "userDefined": true
      }
    ],
    "isTemplate": false,
    "count": 2,
    "lang": "pt-br",
    "updated": 0
  },
  {
    "id": "48e9f6ba-b4ae-4080-b920-10da626cc106",
    "data": [
      {
        "text": "Breno",
        "meta": "@sys.person",
        "alias": "person",
        "userDefined": true
      }
    ],
    "isTemplate": false,
    "count": 0,
    "lang": "pt-br",
    "updated": 0
  },
  {
    "id": "2bec22c1-920f-446c-9762-edd3087e8091",
    "data": [
      {
        "text": "David",
        "meta": "@sys.person",
        "alias": "person",
        "userDefined": true
      }
    ],
    "isTemplate": false,
    "count": 0,
    "lang": "pt-br",
    "updated": 0
  },
  {
    "id": "ada6556c-7ea6-4d55-80ce-ad591f36b5e0",
    "data": [
      {
        "text": "Breno",
        "meta": "@sys.person",
        "alias": "person",
        "userDefined": true
      },
      {
        "text": " ",
        "userDefined": false
      },
      {
        "text": "Marques",
        "userDefined": true
      }
    ],
    "isTemplate": false,
    "count": 0,
    "lang": "pt-br",
    "updated": 0
  },
  {
    "id": "7b63654d-787f-4765-8e3a-e5035103e4e1",
    "data": [
      {
        "text": "Recruta",
        "meta": "@sys.person",
        "alias": "person",
        "userDefined": true
      }
    ],
    "isTemplate": false,
    "count": 0,
    "lang": "pt-br",
    "updated": 0
  },
  {
    "id": "585224ed-fd60-460e-b270-fa9a77398235",
    "data": [
      {
        "text": "Erik",
        "meta": "@sys.person",
        "alias": "person",
        "userDefined": true
      }
    ],
    "isTemplate": false,
    "count": 1,
    "lang": "pt-br",
    "updated": 0
  },
  {
    "id": "d83fef2e-9575-4741-a839-a5ee1d299064",
    "data": [
      {
        "text": "Chamo ",
        "userDefined": false
      },
      {
        "text": "Vitor",
        "meta": "@sys.person",
        "alias": "person",
        "userDefined": true
      }
    ],
    "isTemplate": false,
    "count": 0,
    "lang": "pt-br",
    "updated": 0
  },
  {
    "id": "7c01df67-9872-4d49-abca-9ca5c6334df4",
    "data": [
      {
        "text": "Olá",
        "userDefined": false
      },
      {
        "text": ", me chamo ",
        "userDefined": false
      },
      {
        "text": "Vitor",
        "meta": "@sys.person",
        "alias": "person",
        "userDefined": true
      }
    ],
    "isTemplate": false,
    "count": 0,
    "lang": "pt-br",
    "updated": 0
  },
  {
    "id": "e6c23e40-a6e4-463e-a775-fd464c65b9c3",
    "data": [
      {
        "text": "Oi",
        "userDefined": false
      },
      {
        "text": ", me chamo ",
        "userDefined": false
      },
      {
        "text": "Vitor",
        "meta": "@sys.person",
        "alias": "person",
        "userDefined": true
      }
    ],
    "isTemplate": false,
    "count": 0,
    "lang": "pt-br",
    "updated": 0
  },
  {
    "id": "a67d6e37-81fa-4432-bcb0-480565cc5f0e",
    "data": [
      {
        "text": "Olá",
        "userDefined": false
      },
      {
        "text": ", meu ",
        "userDefined": false
      },
      {
        "text": "nome",
        "userDefined": false
      },
      {
        "text": " é ",
        "userDefined": false
      },
      {
        "text": "Vitor",
        "userDefined": false
      }
    ],
    "isTemplate": false,
    "count": 0,
    "lang": "pt-br",
    "updated": 0
  },
  {
    "id": "0a553e58-6e89-4e6d-881d-30919522f514",
    "data": [
      {
        "text": "Vitor",
        "meta": "@sys.person",
        "alias": "person",
        "userDefined": false
      }
    ],
    "isTemplate": false,
    "count": 21,
    "lang": "pt-br",
    "updated": 0
  },
  {
    "id": "6bd42e51-b125-44be-ba56-3b540a90a4c6",
    "data": [
      {
        "text": "vitor",
        "meta": "@sys.person",
        "alias": "person",
        "userDefined": false
      }
    ],
    "isTemplate": false,
    "count": 3,
    "lang": "pt-br",
    "updated": 0
  },
  {
    "id": "8a260cd0-9804-436c-adca-938ab87502dc",
    "data": [
      {
        "text": "marcos",
        "meta": "@sys.person",
        "alias": "person",
        "userDefined": false
      }
    ],
    "isTemplate": false,
    "count": 2,
    "lang": "pt-br",
    "updated": 0
  },
  {
    "id": "4dfdf2a4-38af-4c5e-adb2-1c35e69ec2da",
    "data": [
      {
        "text": "Marcelo",
        "meta": "@sys.person",
        "alias": "person",
        "userDefined": false
      }
    ],
    "isTemplate": false,
    "count": 3,
    "lang": "pt-br",
    "updated": 0
  },
  {
    "id": "ab73ca4c-4dbf-4e4c-9066-b35905830257",
    "data": [
      {
        "text": "Nathan",
        "meta": "@sys.person",
        "alias": "person",
        "userDefined": false
      }
    ],
    "isTemplate": false,
    "count": 2,
    "lang": "pt-br",
    "updated": 0
  },
  {
    "id": "53f29f6b-de7b-425e-b9d3-3ed686f7050a",
    "data": [
      {
        "text": "Natanael",
        "meta": "@sys.person",
        "alias": "person",
        "userDefined": false
      }
    ],
    "isTemplate": false,
    "count": 2,
    "lang": "pt-br",
    "updated": 0
  },
  {
    "id": "dd082ba7-b448-44eb-9fb8-bc08928acbfd",
    "data": [
      {
        "text": "Paulo",
        "meta": "@sys.person",
        "alias": "person",
        "userDefined": false
      }
    ],
    "isTemplate": false,
    "count": 0,
    "lang": "pt-br",
    "updated": 0
  },
  {
    "id": "647c2b2c-5c1c-40c2-8233-3a8a06642871",
    "data": [
      {
        "text": "Joao",
        "meta": "@sys.person",
        "alias": "person",
        "userDefined": false
      }
    ],
    "isTemplate": false,
    "count": 1,
    "lang": "pt-br",
    "updated": 0
  },
  {
    "id": "3e61be9b-cf01-4f81-823d-58bd23bcf1cb",
    "data": [
      {
        "text": "davi",
        "meta": "@sys.person",
        "alias": "person",
        "userDefined": false
      }
    ],
    "isTemplate": false,
    "count": 2,
    "lang": "pt-br",
    "updated": 0
  },
  {
    "id": "7f567f5b-e478-42e5-9ceb-bd439634688d",
    "data": [
      {
        "text": "DAVI",
        "meta": "@sys.person",
        "alias": "person",
        "userDefined": false
      }
    ],
    "isTemplate": false,
    "count": 0,
    "lang": "pt-br",
    "updated": 0
  },
  {
    "id": "b6e8795d-043f-4d70-8d36-2ffc643fabab",
    "data": [
      {
        "text": "Juliana",
        "meta": "@sys.person",
        "alias": "person",
        "userDefined": false
      }
    ],
    "isTemplate": false,
    "count": 1,
    "lang": "pt-br",
    "updated": 0
  },
  {
    "data": [
      {
        "text": "Julio",
        "meta": "@sys.person",
        "alias": "person",
        "userDefined": false
      }
    ],
    "isTemplate": false,
    "count": 0,
    "lang": "pt-br",
    "updated": 0
  },
  {
    "data": [
      {
        "text": "John",
        "meta": "@sys.person",
        "alias": "person",
        "userDefined": false
      }
    ],
    "isTemplate": false,
    "count": 0,
    "lang": "pt-br",
    "updated": 0
  },
  {
    "data": [
      {
        "text": "recruta",
        "userDefined": false
      }
    ],
    "isTemplate": false,
    "count": 0,
    "lang": "pt-br",
    "updated": 0
  },
  {
    "data": [
      {
        "text": "Recruta",
        "userDefined": false
      }
    ],
    "isTemplate": false,
    "count": 1,
    "lang": "pt-br",
    "updated": 0
  },
  {
    "data": [
      {
        "text": "oclair",
        "userDefined": false
      }
    ],
    "isTemplate": false,
    "count": 0,
    "lang": "pt-br",
    "updated": 0
  },
  {
    "data": [
      {
        "text": "Josue",
        "meta": "@sys.person",
        "alias": "person",
        "userDefined": false
      }
    ],
    "isTemplate": false,
    "count": 0,
    "lang": "pt-br",
    "updated": 0
  },
  {
    "data": [
      {
        "text": "~",
        "userDefined": false
      },
      {
        "text": "vitor",
        "meta": "@sys.person",
        "alias": "person",
        "userDefined": false
      }
    ],
    "isTemplate": false,
    "count": 0,
    "lang": "pt-br",
    "updated": 0
  },
  {
    "data": [
      {
        "text": "Rafael",
        "meta": "@sys.person",
        "alias": "person",
        "userDefined": false
      }
    ],
    "isTemplate": false,
    "count": 1,
    "lang": "pt-br",
    "updated": 0
  },
  {
    "data": [
      {
        "text": "Vinicius",
        "meta": "@sys.person",
        "alias": "person",
        "userDefined": false
      }
    ],
    "isTemplate": false,
    "count": 0,
    "lang": "pt-br",
    "updated": 0
  },
  {
    "data": [
      {
        "text": "duda",
        "meta": "@sys.person",
        "alias": "person",
        "userDefined": false
      }
    ],
    "isTemplate": false,
    "count": 0,
    "lang": "pt-br",
    "updated": 0
  },
  {
    "data": [
      {
        "text": "vITOR",
        "meta": "@sys.person",
        "alias": "person",
        "userDefined": false
      }
    ],
    "isTemplate": false,
    "count": 0,
    "lang": "pt-br",
    "updated": 0
  }
]