[
  {
    "value": "Preço",
    "synonyms": [
      "Preço",
      "Preco",
      "Valor",
      "Custo",
      "custo",
      "valor",
      "preço",
      "preco",
      "presso"
    ]
  },
  {
    "value": "Expirado",
    "synonyms": [
      "Expirado",
      "Finalizado",
      "concluído",
      "Completo",
      "Concluido",
      "finalizado"
    ]
  },
  {
    "value": "Obtido",
    "synonyms": [
      "Obtido",
      "fabricado",
      "gerado",
      "produzido",
      "Produção",
      "feito"
    ]
  },
  {
    "value": "Sobre",
    "synonyms": [
      "Sobre",
      "descrever",
      "Descrição",
      "Descricao"
    ]
  },
  {
    "value": "Nome",
    "synonyms": [
      "Nome"
    ]
  },
  {
    "value": "Desconto",
    "synonyms": [
      "Desconto"
    ]
  },
  {
    "value": "Quantidade",
    "synonyms": [
      "Quantidade",
      "numero"
    ]
  },
  {
    "value": "Localização",
    "synonyms": [
      "Localização",
      "Lugar",
      "Local"
    ]
  }
]